{"cameraMode":{"drawMode":0,"name":"Shaded","section":"Shading Mode"},"sceneLighting":false,"audioPlay":false,"sceneViewState":{"m_AlwaysRefresh":false,"showFog":true,"showSkybox":false,"showFlares":true,"showImageEffects":true,"showParticleSystems":true,"showVisualEffectGraphs":true,"m_FxEnabled":true},"in2DMode":false,"pivot":{"x":-4.539999961853027,"y":7.510000228881836,"z":-12.15999984741211},"rotation":{"x":0.22482171654701234,"y":-0.021916287019848825,"z":0.00511745922267437,"w":0.9741893410682678},"size":0.8660253882408142,"orthographic":false}