{"cameraMode":{"drawMode":0,"name":"Shaded","section":"Shading Mode"},"sceneLighting":true,"audioPlay":false,"sceneViewState":{"m_AlwaysRefresh":false,"showFog":true,"showSkybox":true,"showFlares":true,"showImageEffects":true,"showParticleSystems":true,"showVisualEffectGraphs":true,"m_FxEnabled":true},"in2DMode":false,"pivot":{"x":3.2477684020996095,"y":-0.4811599850654602,"z":27.84101676940918},"rotation":{"x":0.11906901001930237,"y":0.07171078771352768,"z":-0.006022632122039795,"w":0.9910021424293518},"size":12.12435531616211,"orthographic":false}