{"cameraMode":{"drawMode":0,"name":"Shaded","section":"Shading Mode"},"sceneLighting":true,"audioPlay":false,"sceneViewState":{"m_AlwaysRefresh":false,"showFog":true,"showSkybox":true,"showFlares":true,"showImageEffects":true,"showParticleSystems":true,"showVisualEffectGraphs":true,"m_FxEnabled":true},"in2DMode":false,"pivot":{"x":-4.159124374389648,"y":1.4305533170700074,"z":27.325407028198243},"rotation":{"x":-0.17171719670295716,"y":0.09341742843389511,"z":-0.016947630792856218,"w":-0.9807014465332031},"size":12.12435531616211,"orthographic":false}