{"cameraMode":{"drawMode":0,"name":"Shaded","section":"Shading Mode"},"sceneLighting":true,"audioPlay":false,"sceneViewState":{"m_AlwaysRefresh":false,"showFog":true,"showSkybox":true,"showFlares":true,"showImageEffects":true,"showParticleSystems":true,"showVisualEffectGraphs":true,"m_FxEnabled":true},"in2DMode":false,"pivot":{"x":17.927764892578126,"y":-12.86223316192627,"z":94.26699829101563},"rotation":{"x":-0.08945246040821076,"y":-0.1011243686079979,"z":0.003548421896994114,"w":-0.9918051958084106},"size":52.792415618896487,"orthographic":false}