{"cameraMode":{"drawMode":0,"name":"Shaded","section":"Shading Mode"},"sceneLighting":true,"audioPlay":false,"sceneViewState":{"m_AlwaysRefresh":false,"showFog":true,"showSkybox":true,"showFlares":true,"showImageEffects":true,"showParticleSystems":true,"showVisualEffectGraphs":true,"m_FxEnabled":true},"in2DMode":false,"pivot":{"x":-14.389132499694825,"y":-1.6567089557647706,"z":103.50984954833985},"rotation":{"x":0.16814295947551728,"y":-0.29734697937965395,"z":0.0532858781516552,"w":0.9383491277694702},"size":12.12435531616211,"orthographic":false}