{"cameraMode":{"drawMode":0,"name":"Shaded","section":"Shading Mode"},"sceneLighting":true,"audioPlay":false,"sceneViewState":{"m_AlwaysRefresh":false,"showFog":true,"showSkybox":true,"showFlares":true,"showImageEffects":true,"showParticleSystems":true,"showVisualEffectGraphs":true,"m_FxEnabled":true},"in2DMode":false,"pivot":{"x":-6.15584659576416,"y":-11.650764465332032,"z":308.76031494140627},"rotation":{"x":0.07578779011964798,"y":-0.020514821633696557,"z":0.005696961656212807,"w":0.9978890419006348},"size":67.80384063720703,"orthographic":false}