{"cameraMode":{"drawMode":0,"name":"Shaded","section":"Shading Mode"},"sceneLighting":true,"audioPlay":false,"sceneViewState":{"m_AlwaysRefresh":false,"showFog":true,"showSkybox":true,"showFlares":true,"showImageEffects":true,"showParticleSystems":true,"showVisualEffectGraphs":true,"m_FxEnabled":true},"in2DMode":false,"pivot":{"x":7.433378219604492,"y":5.566339015960693,"z":17.251853942871095},"rotation":{"x":-0.02854282036423683,"y":-0.14770497381687165,"z":0.017377670854330064,"w":-0.9898136854171753},"size":12.12435531616211,"orthographic":false}